,PWSID,Regulating Agency,Water System No.,Water System Name,Fed Type,State Type,DS Class,Max TP Class,Fee Code,Service Connections,Population,Last SNSV
0,CA4710002,DISTRICT 01 - KLAMATH,4710002,"DUNSMUIR, CITY OF",C,C,D2,There are no treatment plants,DAVCL,1187,1923,2020-04-01
1,CA4710008,DISTRICT 01 - KLAMATH,4710008,"MT. SHASTA, CITY OF",C,C,D2,There are no treatment plants,DAVCL,1841,3642,2018-07-22
2,CA4710011,DISTRICT 01 - KLAMATH,4710011,"YREKA, CITY OF",C,C,D2,T3,DAVCL,2993,7290,2019-10-24
3,CA1200518,DISTRICT 01 - KLAMATH,1200518,RIVERSIDE CSD,C,C,D1,TD,SC,99,293,2020-01-31
4,CA1200538,DISTRICT 01 - KLAMATH,1200538,MYERS FLAT M.W.S. INC.,C,C,D1,Missing treatment classification in SDWIS,DAVCS,102,400,2017-09-25
5,CA1200547,DISTRICT 01 - KLAMATH,1200547,MILL CREEK M.W.C.,C,C,D1,There are no treatment plants,SC,36,65,2018-05-24
6,CA1200671,DISTRICT 01 - KLAMATH,1200671,BENBOW-DEL ORO W.C.,C,C,D1,T2,SC,135,150,2020-06-17
7,CA1210006,DISTRICT 01 - KLAMATH,1210006,"FORTUNA, CITY OF",C,C,D3,T2,DAVCL,4377,11649,2019-01-14
8,CA1210012,DISTRICT 01 - KLAMATH,1210012,"RIO DELL, CITY OF",C,C,D2,Missing treatment classification in SDWIS,C1,1233,3174,2020-06-16
9,CA1210022,DISTRICT 01 - KLAMATH,1210022,RESORT IMPROVEMENT DISTRICT #1,C,C,D2,Missing treatment classification in SDWIS,SC,620,1500,2019-01-17
10,CA2510001,DISTRICT 01 - KLAMATH,2510001,CITY OF ALTURAS,C,C,D2,There are no treatment plants,DAVCL,1470,2537,2019-06-24
11,CA2510002,DISTRICT 01 - KLAMATH,2510002,CEDARVILLE COUNTY WATER DIST.,C,C,D1,There are no treatment plants,SC,290,500,2019-06-24
12,CA1200587,DISTRICT 01 - KLAMATH,1200587,BRICELAND C.S.D.,C,C,D1,T2,SC,26,75,2020-01-30
13,CA1210001,DISTRICT 01 - KLAMATH,1210001,"ARCATA, CITY OF",C,C,D3,T2,DAVCL,6134,19077,2019-06-26
14,CA1210017,DISTRICT 01 - KLAMATH,1210017,MANILA COMMUNITY SERVICES DIST.,C,C,D1,There are no treatment plants,DAVCS,357,750,2018-07-03
15,CA1200706,DISTRICT 01 - KLAMATH,1200706,TRINIDAD EXTENDED STAY RV,C,C,D1,T2,SC,72,130,2020-05-19
16,CA1210009,DISTRICT 01 - KLAMATH,1210009,HUMBOLDT C.S.D.,C,C,D4,There are no treatment plants,DAVCL,7532,24885,2020-05-20
17,CA1210020,DISTRICT 01 - KLAMATH,1210020,FIELDBROOK GLENDALE C.S.D.,C,C,D2,There are no treatment plants,SC,551,1848,2019-12-17
18,CA0800555,DISTRICT 01 - KLAMATH,800555,GASQUET C.S.D.,C,C,D1,T2,SC,210,775,2019-08-16
19,CA5301017,DISTRICT 01 - KLAMATH,5301017,RUSH CREEK MUTUAL WATER SYSTEM,C,C,D1,T2,SC,37,104,2019-04-17
20,CA5301101,DISTRICT 01 - KLAMATH,5301101,TREASURE CREEK WOODS MWC,C,C,D1,TD,SC,32,131,2017-05-25
21,CA5301103,DISTRICT 01 - KLAMATH,5301103,COVINGTON MILL - A,C,C,NR,There are no treatment plants,SC,42,58,2018-10-09
22,CA5304502,DISTRICT 01 - KLAMATH,5304502,"SALYER HEIGHTS W.S., INC",C,C,D1,T2,DAVCS,42,135,2018-02-06
23,CA5310001,DISTRICT 01 - KLAMATH,5310001,WEAVERVILLE C.S.D.,C,C,D2,T3,DAVCL,1636,3600,2017-12-12
24,CA5310002,DISTRICT 01 - KLAMATH,5310002,TRINITY CO. W.W. DIST #1,C,C,D2,T3,DAVCS,580,1775,2019-12-10
25,CA1810001,DISTRICT 02 - LASSEN,1810001,CITY OF SUSANVILLE,C,C,D2,TD,DAVCL,3825,8492,2019-06-04
26,CA1800534,DISTRICT 02 - LASSEN,1800534,SPAULDING EAGLE LAKE MWC,C,C,D1,TD,SC,82,289,2018-07-26
27,CA1800512,DISTRICT 02 - LASSEN,1800512,CLEAR CREEK CSD-WESTWOOD,C,C,D1,There are no treatment plants,DAVCS,166,400,2019-09-09
28,CA3110001,DISTRICT 02 - LASSEN,3110001,NORTH TAHOE PUD - MAIN,C,C,D2,T2,C1,3261,5300,2017-09-25
29,CA3110003,DISTRICT 02 - LASSEN,3110003,FORESTHILL PUBLIC UTILITY DIST,C,C,D2,T3,DAVCL,2032,6000,2017-05-01
30,CA3110009,DISTRICT 02 - LASSEN,3110009,MEADOW VISTA CWD,C,C,D2,T3,C1,1478,4001,2017-05-01
31,CA3110035,DISTRICT 02 - LASSEN,3110035,WEIMAR WATER COMPANY,C,C,D2,T3,SC,550,1500,2018-03-28
32,CA3110041,DISTRICT 02 - LASSEN,3110041,MIDWAY HEIGHTS C. W. D.,C,C,D2,There are no treatment plants,SC,438,1080,2018-08-15
33,CA3110048,DISTRICT 02 - LASSEN,3110048,PLACER CSA - SHERIDAN,C,C,D1,TD,SC,195,726,2019-05-14
34,CA3210006,DISTRICT 02 - LASSEN,3210006,LAKE ALMANOR COUNTRY CLUB MWC,C,C,D1,There are no treatment plants,C1,1682,6000,2017-04-12
35,CA4510009,DISTRICT 02 - LASSEN,4510009,SHASTA FOREST VILLAGE M.W.C.,C,C,D1,There are no treatment plants,SC,399,750,2018-07-02
36,CA4510014,DISTRICT 02 - LASSEN,4510014,BELLA VISTA WATER DISTRICT,C,C,D3,T5,C1,6360,19098,2018-07-11
37,CA4600019,DISTRICT 02 - LASSEN,4600019,SIERRA CO. W.W.D #1 CALPINE,C,C,D1,T1,SC,134,225,2019-09-03
38,CA3100041,LPA61 - PLACER COUNTY,3100041,ALPINE MEADOWS PROPERTY OWNERS ASSO,C,C,D1,T3,SC,129,250,2018-12-11
39,CA3103836,LPA61 - PLACER COUNTY,3103836,HIDDEN VALLEY COMMUNITY ASSOCIATION,C,C,D1,There are no treatment plants,SC,164,499,2019-12-18
40,CA3200138,LPA62 - PLUMAS COUNTY,3200138,MEADOW EDGE MHP,C,C,D1,There are no treatment plants,SC,54,53,2018-04-24
41,CA4510013,DISTRICT 02 - LASSEN,4510013,SHASTA C.S.D.,C,C,D2,T3,DAVCS,480,1584,2019-12-20
42,CA4510007,DISTRICT 02 - LASSEN,4510007,COTTONWOOD COUNTY WATER DIST.,C,C,D2,There are no treatment plants,C1,1226,3316,2019-10-16
43,CA1910002,DISTRICT 07 - HOLLYWOOD,1910002,AMARILLO MUTUAL WATER COMPANY,C,C,D2,TD,SC,627,3134,2018-04-18
44,CA1700508,DISTRICT 03 - MENDOCINO,1700508,GLENHAVEN MUTUAL WATER COMPANY,C,C,D1,T1,SC,125,300,2018-12-31
45,CA1710001,DISTRICT 03 - MENDOCINO,1710001,CLEARLAKE OAKS COUNTY WATER DISTRICT,C,C,D3,T3,DAVCL,2035,2359,2018-08-15
46,CA1710003,DISTRICT 03 - MENDOCINO,1710003,HIGHLANDS MUTUAL WATER COMPANY,C,C,D2,T4,DAVCL,2877,9494,2016-12-09
47,CA1710008,DISTRICT 03 - MENDOCINO,1710008,NICE MUTUAL WATER COMPANY,C,C,D2,T4,DAVCL,1064,2731,2020-01-09
48,CA1710015,DISTRICT 03 - MENDOCINO,1710015,HIDDEN VALLEY LAKE CSD,C,C,D2,T2,C1,2487,8207,2017-05-31
49,CA1710021,DISTRICT 03 - MENDOCINO,1710021,LAKE COUNTY CSA 21 - NORTH LAKEPORT,C,C,D2,T3,DAVCL,1196,2759,2018-11-13
50,CA2300506,DISTRICT 03 - MENDOCINO,2300506,MEADOW ESTATES MUTUAL,C,C,D1,T1,SC,35,100,2019-05-30
51,CA2300507,DISTRICT 03 - MENDOCINO,2300507,CALPELLA COUNTY WATER DISTRICT,C,C,D1,There are no treatment plants,DAVCS,176,548,2019-07-03
52,CA2300545,DISTRICT 03 - MENDOCINO,2300545,SHORELANDS ROAD & WATER COMPANY,C,C,D1,TD,SC,47,85,2019-04-29
53,CA2300596,DISTRICT 03 - MENDOCINO,2300596,BIG RIVER VISTA MUTUAL WATER COMPANY,C,C,D1,T1,SC,19,36,2018-02-26
54,CA2300708,DISTRICT 03 - MENDOCINO,2300708,RIDGEWOOD WATER SYSTEM,C,C,D1,T1,SC,167,220,2018-07-26
55,CA2310001,DISTRICT 03 - MENDOCINO,2310001,"FORT BRAGG, CITY OF",C,C,D2,T3,DAVCL,2944,7250,2017-08-16
56,CA2310003,DISTRICT 03 - MENDOCINO,2310003,"UKIAH, CITY OF",C,C,D3,T3,DAVCL,4781,16185,2018-05-30
57,CA2310005,DISTRICT 03 - MENDOCINO,2310005,WILLOW COUNTY WATER DISTRICT,C,C,D3,T1,DAVCL,1070,3797,2019-06-04
58,CA2310006,DISTRICT 03 - MENDOCINO,2310006,MILLVIEW COUNTY WATER DISTRICT,C,C,D3,T3,C1,1534,5500,2018-03-14
59,CA2800625,DISTRICT 03 - MENDOCINO,2800625,ADVENTIST HEALTH - ST. HELENA HOSPITAL,C,C,D1,T1,SC,227,860,2019-03-11
60,CA2800040,LPA58 - NAPA COUNTY,2800040,MONDAVI FARM WORKER CENTER,C,C,D1,TD,SC,2,63,2020-04-28
61,CA2800521,LPA58 - NAPA COUNTY,2800521,CIRCLE OAKS WATER DISTRICT,C,C,D1,T2,SC,190,500,2020-05-05
62,CA0710002,DISTRICT 04 - SAN FRANCISCO,710002,GOLDEN STATE WATER COMPANY - BAY POINT,C,C,D3,T1,C1,5030,22295,2017-11-14
63,CA0110011,DISTRICT 04 - SAN FRANCISCO,110011,CITY OF LIVERMORE,C,C,D4,There are no treatment plants,C1,9698,30000,2018-10-24
64,CA0710006,DISTRICT 04 - SAN FRANCISCO,710006,CITY OF MARTINEZ,C,C,D3,T5,C1,9944,35375,2017-12-06
65,CA3810700,DISTRICT 04 - SAN FRANCISCO,3810700,PRESIDIO OF SAN FRANCISCO,C,C,D2,T3,C1,1191,3500,2018-06-19
66,CA4810001,DISTRICT 04 - SAN FRANCISCO,4810001,CITY OF BENICIA,C,C,D3,T4,C1,9814,28000,2017-03-23
67,CA4810004,DISTRICT 04 - SAN FRANCISCO,4810004,CITY OF RIO VISTA,C,C,D2,T2,C1,5145,9416,2019-08-21
68,CA4810005,DISTRICT 04 - SAN FRANCISCO,4810005,SUISUN-SOLANO WATER AUTHORITY,C,C,D4,T4,C1,8436,29917,2018-12-12
69,CA4810010,DISTRICT 04 - SAN FRANCISCO,4810010,SID - GIBSON CANYON,C,C,D1,T3,SC,137,452,2018-11-07
70,CA4810013,DISTRICT 04 - SAN FRANCISCO,4810013,RURAL NORTH VACAVILLE WATER DISTRICT,C,C,D1,TD,SC,398,1130,2017-04-17
71,CA2701403,LPA57 - MONTEREY COUNTY,2701403,PINE ST WS #01,C,C,D1,There are no treatment plants,SC,17,36,2017-09-11
72,CA2702521,DISTRICT 05 - MONTEREY,2702521,SANTA LUCIA PRESERVE WS,C,C,D1,T2,SC,164,2184,2017-12-19
73,CA2710005,DISTRICT 05 - MONTEREY,2710005,CASTROVILLE COMMUNITY SERVICES DISTRICT,C,C,D2,T2,DAVCL,2084,10000,2017-07-12
74,CA2710007,DISTRICT 05 - MONTEREY,2710007,"GONZALES, CITY OF",C,C,D2,TD,C1,1912,8549,2018-02-08
75,CA2710008,DISTRICT 05 - MONTEREY,2710008,"GREENFIELD, CITY OF",C,C,D3,T1,DAVCL,3720,17517,2018-04-16
76,CA2710011,DISTRICT 05 - MONTEREY,2710011,"SOLEDAD, CITY OF",C,C,D3,TD,C1,3948,16729,2020-06-08
77,CA2710017,DISTRICT 05 - MONTEREY,2710017,MARINA COAST WATER DISTRICT,C,C,D4,TD,C1,8295,35361,2017-10-26
78,CA2710020,DISTRICT 05 - MONTEREY,2710020,PAJARO COMMUNITY SERVICES DISTRICT,C,C,D2,TD,SC,457,6500,2019-02-11
79,CA3500912,DISTRICT 05 - MONTEREY,3500912,COMSTOCK MUTUAL WATER COMPANY,C,C,D1,TD,SC,33,100,2019-07-10
80,CA3510001,DISTRICT 05 - MONTEREY,3510001,"HOLLISTER, CITY OF",C,C,D3,TD,C1,6996,19281,2018-11-16
81,CA3510003,DISTRICT 05 - MONTEREY,3510003,SUNNYSLOPE COUNTY WATER DIST,C,C,D3,T2,C1,5485,19189,2017-06-21
82,CA3510004,DISTRICT 05 - MONTEREY,3510004,AROMAS WATER DISTRICT,C,C,D2,T1,SC,964,2988,2019-11-01
83,CA4400642,DISTRICT 05 - MONTEREY,4400642,CATHEDRAL WOOD MUTUAL WATER COMPANY,C,C,D1,T2,SC,20,60,2019-12-11
84,CA4410008,DISTRICT 05 - MONTEREY,4410008,"MT. HERMON ASSOCIATION, INC.",C,C,D2,TD,SC,494,2400,2019-03-25
85,CA4410013,DISTRICT 05 - MONTEREY,4410013,SCOTTS VALLEY WATER DISTRICT,C,C,D4,T2,C1,3812,10709,2019-03-15
86,CA2700541,LPA57 - MONTEREY COUNTY,2700541,DEL MONTE FARMS RD WS #03,C,C,D1,There are no treatment plants,SC,16,55,2017-10-16
87,CA2700663,LPA57 - MONTEREY COUNTY,2700663,MURPHY HILL WS #02,C,C,D1,There are no treatment plants,SC,20,60,2017-08-22
88,CA2700691,LPA57 - MONTEREY COUNTY,2700691,PESANTE RD WS #06,C,C,D1,There are no treatment plants,SC,16,48,2018-10-15
89,CA2700771,LPA57 - MONTEREY COUNTY,2700771,SPRINGFIELD WATER COMPANY,C,C,D1,There are no treatment plants,SC,42,200,2017-09-07
90,CA2701423,LPA57 - MONTEREY COUNTY,2701423,ECHO VALLEY RD WS #05,C,C,D1,There are no treatment plants,SC,16,45,2016-08-12
91,CA2701888,LPA57 - MONTEREY COUNTY,2701888,CACHAGUA MUTUAL WS (#4),C,C,D1,There are no treatment plants,SC,24,55,2018-11-20
92,CA2701918,LPA57 - MONTEREY COUNTY,2701918,LOMAS DEL SOL MWS,C,C,D1,There are no treatment plants,SC,31,93,2018-07-19
93,CA2701959,LPA57 - MONTEREY COUNTY,2701959,TIERRA VISTA MWC,C,C,D1,T2,SC,19,54,2016-09-02
94,CA2702409,LPA57 - MONTEREY COUNTY,2702409,EL CAMINO WC INC,C,C,D1,There are no treatment plants,SC,31,90,2016-10-13
95,CA4010001,DISTRICT 06 - SANTA BARBARA,4010001,"ARROYO GRANDE, WATER DEPARTMENT",C,C,D4,T2,C1,6783,17641,2017-08-29
96,CA4010003,DISTRICT 06 - SANTA BARBARA,4010003,SAN MIGUELITO MWC,C,C,D2,T1,SC,688,1758,2019-08-27
97,CA4010004,DISTRICT 06 - SANTA BARBARA,4010004,GROVER BEACH WATER DEPARTMENT,C,C,D3,T1,C1,5258,13593,2020-03-05
98,CA4010011,DISTRICT 06 - SANTA BARBARA,4010011,MORRO BAY PW DEPT - WATER DIVISION,C,C,D3,T2,C1,5532,10234,2018-09-13
99,CA4010012,DISTRICT 06 - SANTA BARBARA,4010012,HERITAGE RANCH CSD,C,C,D2,T3,C1,1944,3428,2018-05-29
100,CA4010014,DISTRICT 06 - SANTA BARBARA,4010014,CAMBRIA COMM SERVICES DIST,C,C,D2,T3,C1,4034,6032,2019-03-14
101,CA4010016,DISTRICT 06 - SANTA BARBARA,4010016,LOS OSOS COMMUNITY SERVICES DISTRICT,C,C,D2,T2,C1,2765,7086,2019-12-13
102,CA4010018,DISTRICT 06 - SANTA BARBARA,4010018,GOLDEN STATE WATER COMPANY - NIPOMO,C,C,D2,T1,C1,1505,4415,2017-05-24
103,CA4010026,DISTRICT 06 - SANTA BARBARA,4010026,NIPOMO COMM SERVICES DIST,C,C,D3,TD,C1,4398,13173,2018-02-15
104,CA4010027,DISTRICT 06 - SANTA BARBARA,4010027,NACIMIENTO WATER COMPANY,C,C,D2,T3,SC,653,1828,2019-10-10
105,CA4010081,DISTRICT 06 - SANTA BARBARA,4010081,WOODLANDS DEVELOPMENT,C,C,D2,TD,SC,1137,2876,2018-12-17
106,CA4210001,DISTRICT 06 - SANTA BARBARA,4210001,CARPINTERIA VALLEY WATER DISTRICT,C,C,D3,T1,C1,3992,15346,2019-02-06
107,CA4210003,DISTRICT 06 - SANTA BARBARA,4210003,GUADALUPE WATER DEPARTMENT,C,C,D2,T2,DAVCL,2219,7517,2017-09-19
108,CA4210006,DISTRICT 06 - SANTA BARBARA,4210006,LOMPOC-CITY WATER UTILITY DIV,C,C,D3,T3,C1,9818,40759,2019-02-26
109,CA4210007,DISTRICT 06 - SANTA BARBARA,4210007,MONTECITO WATER DIST,C,C,D4,T4,C1,4574,11428,2017-03-09
110,CA4210017,DISTRICT 06 - SANTA BARBARA,4210017,VANDENBERG VILLAGE COMM. SERV. DIST.,C,C,D2,T1,C1,2556,7376,2019-12-20
111,CA4210018,DISTRICT 06 - SANTA BARBARA,4210018,BUELLTON WATER DEPARTMENT,C,C,D2,T1,C1,1836,5453,2017-09-27
112,CA4210020,DISTRICT 06 - SANTA BARBARA,4210020,SANTA YNEZ RIVER WATER CONS. DIST. ID#1,C,C,D2,TD,C1,2497,6737,2018-10-24
113,CA4210024,DISTRICT 06 - SANTA BARBARA,4210024,LA CUMBRE MUTUAL WATER CO,C,C,D3,T1,C1,1436,4861,2018-09-18
114,CA5601104,DISTRICT 06 - SANTA BARBARA,5601104,CASITAS MUTUAL WATER COMPANY,C,C,D1,TD,SC,85,238,2018-10-05
115,CA5610002,DISTRICT 06 - SANTA BARBARA,5610002,FILLMORE WATER DEPT,C,C,D3,TD,C1,3917,15222,2019-11-13
116,CA5610005,DISTRICT 06 - SANTA BARBARA,5610005,MEINERS OAKS CWD,C,C,D2,T2,C1,1248,4200,2018-02-14
117,CA5610008,DISTRICT 06 - SANTA BARBARA,5610008,PLEASANT VALLEY MUTUAL WATER CO,C,C,D2,T1,C1,1659,5000,2018-07-02
118,CA5610009,DISTRICT 06 - SANTA BARBARA,5610009,PORT HUENEME WATER DEPT,C,C,D3,TD,C1,5847,21926,2018-12-27
119,CA5610022,DISTRICT 06 - SANTA BARBARA,5610022,VENTURA RIVER WATER DISTRICT,C,C,D3,T1,C1,2151,5700,2019-12-10
120,CA5610039,DISTRICT 06 - SANTA BARBARA,5610039,CHANNEL ISLANDS BEACH CSD,C,C,D2,There are no treatment plants,C1,1866,4861,2019-05-16
121,CA5610063,DISTRICT 06 - SANTA BARBARA,5610063,CAMROSA WATER DISTRICT,C,C,D4,T3,C1,8751,30000,2019-09-06
122,CA5610081,DISTRICT 06 - SANTA BARBARA,5610081,CAL AMERICAN WC - LAS POSAS ESTATES,C,C,D2,There are no treatment plants,SC,621,2049,2018-07-10
123,CA4000789,LPA70 - SAN LUIS OBISPO COUNTY,4000789,SPANISH LAKES MUTUAL WATER CO,C,C,D1,There are no treatment plants,SC,1,40,2018-04-11
124,CA4000803,LPA70 - SAN LUIS OBISPO COUNTY,4000803,RANCHO SALINAS MBWC,C,C,D1,TD,SC,20,50,2018-06-26
125,CA4200693,LPA72 - SANTA BARBARA COUNTY,4200693,ELLWOOD MUTUAL WATER CO.,C,C,D1,T1,SC,56,186,2019-11-21
126,CA1910148,DISTRICT 07 - HOLLYWOOD,1910148,"SIERRA MADRE-CITY, WATER DEPT.",C,C,D3,T2,C1,3804,11000,2018-12-11
127,CA1910013,DISTRICT 07 - HOLLYWOOD,1910013,BELLFLOWER - SOMERSET MWC,C,C,D3,T1,DAVCL,6937,46300,2019-12-05
128,CA1910029,DISTRICT 07 - HOLLYWOOD,1910029,CITY OF INDUSTRY WATERWORKS SYSTEMS,C,C,D2,Operator is not required,C1,1856,6813,2018-01-11
129,CA1910042,DISTRICT 07 - HOLLYWOOD,1910042,"PICO RIVERA - CITY, WATER DEPT.",C,C,D4,TD,C1,9433,40702,2018-04-24
130,CA1910064,DISTRICT 07 - HOLLYWOOD,1910064,LITTLEROCK CREEK IRRIGATION DIST.,C,C,D2,TD,DAVCL,1294,3405,2017-12-12
131,CA1910073,DISTRICT 07 - HOLLYWOOD,1910073,"LOMITA-CITY, WATER DEPT.",C,C,D3,There are no treatment plants,C1,4384,20320,2017-01-26
132,CA1910101,DISTRICT 07 - HOLLYWOOD,1910101,ORCHARD DALE WATER DISTRICT,C,C,D3,T2,C1,4280,25000,2020-08-12
133,CA1910105,DISTRICT 07 - HOLLYWOOD,1910105,"PARAMOUNT - CITY, WATER DEPT.",C,C,D4,T2,DAVCL,7429,56000,2019-03-13
134,CA1910125,DISTRICT 07 - HOLLYWOOD,1910125,PICO WD,C,C,D3,TD,C1,5441,25284,2019-03-12
135,CA1910127,DISTRICT 07 - HOLLYWOOD,1910127,"COVINA-CITY, WATER DEPT.",C,C,D4,There are no treatment plants,C1,8499,33300,2017-12-13
136,CA1910149,DISTRICT 07 - HOLLYWOOD,1910149,"SIGNAL HILL - CITY, WATER DEPT.",C,C,D4,T2,C1,3062,11673,2018-11-28
137,CA1910159,DISTRICT 07 - HOLLYWOOD,1910159,TRACT 180 MUTUAL WATER CO.,C,C,D3,TD,DAVCL,1149,14000,2016-11-16
138,CA1910160,DISTRICT 07 - HOLLYWOOD,1910160,TRACT 349 MUTUAL WATER CO.,C,C,D3,TD,DAVCS,919,7500,2018-07-27
139,CA1910165,DISTRICT 07 - HOLLYWOOD,1910165,VALLEY VIEW MUTUAL WATER CO.,C,C,D2,TD,DAVCL,1389,4571,2017-11-08
140,CA1910218,DISTRICT 07 - HOLLYWOOD,1910218,LA HABRA HEIGHTS CWD,C,C,D2,TD,C1,1998,5459,2017-07-12
141,CA1900100,LPA49 - LA COUNTY,1900100,METTLER VALLEY MUTUAL,C,C,D1,T1,SC,98,135,2020-05-08
142,CA1900809,LPA49 - LA COUNTY,1900809,LANDALE MUTUAL WATER COMPANY,C,C,D1,T1,SC,166,752,2019-01-29
143,CA3000585,DISTRICT 08 - SANTA ANA,3000585,PAGE AVENUE MUTUAL WATER COMPANY,C,C,D1,TD,SC,36,115,2019-04-18
144,CA3000618,DISTRICT 08 - SANTA ANA,3000618,LIBERTY PARK WATER ASSOCIATION,C,C,D1,There are no treatment plants,SC,21,69,2019-04-16
145,CA3010017,DISTRICT 08 - SANTA ANA,3010017,LAGUNA BEACH COUNTY WD,C,C,D3,There are no treatment plants,C1,8662,23309,2017-03-14
146,CA3010041,DISTRICT 08 - SANTA ANA,3010041,CITY OF SEAL BEACH,C,C,D3,TD,C1,5431,25561,2017-10-24
147,CA3010079,DISTRICT 08 - SANTA ANA,3010079,EL TORO WATER DISTRICT,C,C,D5,There are no treatment plants,C1,9583,49054,2019-12-03
148,CA3010082,DISTRICT 08 - SANTA ANA,3010082,SERRANO WATER DISTRICT,C,C,D2,T3,C1,2254,5895,2018-12-12
149,CA3010094,DISTRICT 08 - SANTA ANA,3010094,TRABUCO CANYON WATER DISTRICT,C,C,D4,T3,C1,4299,13659,2018-12-18
150,CA0910013,DISTRICT 09 - SACRAMENTO,910013,GEORGETOWN DIVIDE PUD,C,C,D3,T3,C1,3824,9102,2019-04-12
151,CA2910004,DISTRICT 09 - SACRAMENTO,2910004,"NEVADA ID - E. GEORGE, BANNER MOUNTAIN",C,C,D4,T5,C1,6013,17077,2018-12-17
152,CA2910006,DISTRICT 09 - SACRAMENTO,2910006,NEVADA ID - LOMA RICA,C,C,D4,T4,C1,4921,13976,2020-07-29
153,CA3110026,DISTRICT 09 - SACRAMENTO,3110026,NEVADA ID - NORTH AUBURN,C,C,D2,T3,C1,2349,6671,2018-10-24
154,CA3110150,DISTRICT 09 - SACRAMENTO,3110150,CALAM - WEST PLACER,C,C,D2,There are no treatment plants,C1,1352,4472,2020-03-02
155,CA3410002,DISTRICT 09 - SACRAMENTO,3410002,SCWA - ARDEN PARK VISTA,C,C,D2,T2,C1,3053,10035,2019-07-24
156,CA3410007,DISTRICT 09 - SACRAMENTO,3410007,DEL PASO MANOR COUNTY WATER DI,C,C,D2,T2,C1,1795,4520,2019-12-04
157,CA3410011,DISTRICT 09 - SACRAMENTO,3410011,"GALT, CITY OF",C,C,D3,T2,C1,7390,26536,2020-02-20
158,CA3410016,DISTRICT 09 - SACRAMENTO,3410016,ORANGE VALE WATER COMPANY,C,C,D3,There are no treatment plants,C1,5682,18005,2019-09-06
159,CA3410022,DISTRICT 09 - SACRAMENTO,3410022,OLYMPIA MOBILODGE,C,C,D1,There are no treatment plants,SC,200,450,2019-05-31
160,CA3410030,DISTRICT 09 - SACRAMENTO,3410030,"FOLSOM, CITY OF - ASHLAND",C,C,D2,There are no treatment plants,C1,1072,3538,2018-11-13
161,CA3410033,DISTRICT 09 - SACRAMENTO,3410033,FLORIN COUNTY WATER DISTRICT,C,C,D2,T1,C1,2373,7652,2019-11-20
162,CA3410045,DISTRICT 09 - SACRAMENTO,3410045,CALAM - ARDEN,C,C,D2,T1,C1,1178,3888,2020-06-18
163,CA3410704,DISTRICT 09 - SACRAMENTO,3410704,SCWA MATHER-SUNRISE,C,C,D3,T2,C1,6347,20945,2019-07-25
164,CA5710005,DISTRICT 09 - SACRAMENTO,5710005,CITY OF WINTERS,C,C,D2,TD,C1,2096,7417,2020-01-22
165,CA0900102,LPA39 - EL DORADO COUNTY,900102,GOLD BEACH PARK,C,C,NR,T1,SC,40,100,2019-07-03
166,CA3400122,LPA64 - SACRAMENTO COUNTY,3400122,EL DORADO WEST MHP,C,C,,There are no treatment plants,SC,128,172,2018-11-09
167,CA3400397,LPA64 - SACRAMENTO COUNTY,3400397,LAGUNA VILLAGE RV PARK,C,C,,There are no treatment plants,SC,28,32,2020-01-15
168,CA5700707,LPA87 - YOLO COUNTY,5700707,ROLLING ACRES MUTUAL WATER COMPANY,C,C,D1,There are no treatment plants,SC,11,40,2019-12-12
169,CA0300053,DISTRICT 10 - STOCKTON,300053,RANCHO DEL ORO,C,C,D1,There are no treatment plants,SC,24,44,2018-11-03
170,CA0310011,DISTRICT 10 - STOCKTON,310011,FIRST MACE MEADOW # 1,C,C,D1,There are no treatment plants,SC,337,838,2019-06-18
171,CA0310019,DISTRICT 10 - STOCKTON,310019,AWA LA MEL HEIGHTS #3,C,C,D1,T1,SC,55,188,2019-04-26
172,CA0510001,DISTRICT 10 - STOCKTON,510001,UNION PUBLIC UTILITY DISTRICT,C,C,D2,T3,DAVCL,1667,4300,2020-07-17
173,CA0510002,DISTRICT 10 - STOCKTON,510002,CALAVERAS PUD,C,C,D2,T3,DAVCL,1895,6254,2018-08-28
174,CA3910003,DISTRICT 10 - STOCKTON,3910003,"ESCALON, CITY OF",C,C,D2,TD,C1,2495,7725,2019-08-22
175,CA3910007,DISTRICT 10 - STOCKTON,3910007,"RIPON, CITY OF",C,C,D4,TD,C1,4941,15930,2019-06-27
176,CA3910010,DISTRICT 10 - STOCKTON,3910010,SAN JOAQUIN COUNTY - LINCOLN VILLAGE,C,C,D2,There are no treatment plants,C1,1795,5924,2018-06-19
177,CA3910015,DISTRICT 10 - STOCKTON,3910015,CITY OF LATHROP,C,C,D3,T3,C1,7303,24268,2018-06-28
178,CA3910027,DISTRICT 10 - STOCKTON,3910027,MOUNTAIN HOUSE COMMUNITY SERVICES DIST.,C,C,D3,T4,C1,5950,19635,2019-10-30
179,CA5010013,DISTRICT 10 - STOCKTON,5010013,CITY OF NEWMAN-WATER DEPARTMENT,C,C,D3,TD,C1,3525,11658,2019-11-05
180,CA5010014,DISTRICT 10 - STOCKTON,5010014,"OAKDALE, CITY OF",C,C,D3,There are no treatment plants,C1,7648,22348,2019-08-14
181,CA5010017,DISTRICT 10 - STOCKTON,5010017,"PATTERSON, CITY OF",C,C,D4,TD,C1,6591,22679,2018-05-14
182,CA5010018,DISTRICT 10 - STOCKTON,5010018,"RIVERBANK, CITY OF",C,C,D3,There are no treatment plants,C1,6867,25244,2019-07-03
183,CA0500091,LPA35 - CALAVERAS COUNTY,500091,RITE OF PASSAGE/SIERRA RIDGE,C,C,TD,T2,SC,13,150,2020-07-30
184,CA3900505,LPA69 - SAN JOAQUIN COUNTY,3900505,FARMINGTON WATER COMPANY,C,C,D1,There are no treatment plants,SC,82,270,2017-07-07
185,CA3900606,LPA69 - SAN JOAQUIN COUNTY,3900606,A1 WINSTONS MOBILE HOME PARK,C,C,D1,There are no treatment plants,SC,30,75,2017-12-08
186,CA3900701,LPA69 - SAN JOAQUIN COUNTY,3900701,CURRIER ESTATES WATER CORP,C,C,D1,There are no treatment plants,SC,37,148,2019-01-24
187,CA3900733,LPA69 - SAN JOAQUIN COUNTY,3900733,COUNTRY CLUB VISTA MUTUAL WATER CO,C,C,D1,There are no treatment plants,SC,31,75,2017-12-18
188,CA3900835,LPA69 - SAN JOAQUIN COUNTY,3900835,WAYSIDE MOTEL APARTMENTS WTR SYS,C,C,D1,There are no treatment plants,SC,22,70,2019-06-04
189,CA3900907,LPA69 - SAN JOAQUIN COUNTY,3900907,BEL AIR MOBILE ESTATE,C,C,D1,There are no treatment plants,SC,116,150,2017-06-08
190,CA3900983,LPA69 - SAN JOAQUIN COUNTY,3900983,CHERRY LANE TRAILER PARK,C,C,D1,There are no treatment plants,SC,43,100,2017-12-15
191,CA3901075,LPA69 - SAN JOAQUIN COUNTY,3901075,FAIRWAY ESTATES PWS CSA-18,C,C,D1,There are no treatment plants,SC,41,68,2017-12-06
192,CA5000005,LPA80 - STANISLAUS COUNTY,5000005,CROWS LANDING COMM SVC DISTRICT,C,C,D1,There are no treatment plants,SC,138,500,2019-05-22
193,CA2010001,DISTRICT 11 - MERCED,2010001,CHOWCHILLA CITY WATER DEPT,C,C,D3,TD,DAVCL,4029,13220,2018-11-28
194,CA2010006,DISTRICT 11 - MERCED,2010006,MADERA CO SA3-PARKSDALE,C,C,D2,There are no treatment plants,SC,542,1789,2018-08-29
195,CA2010010,DISTRICT 11 - MERCED,2010010,MADERA VALLEY WATER COMPANY,C,C,D2,There are no treatment plants,DAVCL,1931,6372,2017-12-14
196,CA2210901,DISTRICT 11 - MERCED,2210901,MPWD-COULTERVILLE CSA 1,C,C,D1,There are no treatment plants,SC,98,193,2017-12-07
197,CA2410001,DISTRICT 11 - MERCED,2410001,CITY OF ATWATER,C,C,D3,T2,DAVCL,8419,29479,2018-08-23
198,CA2410002,DISTRICT 11 - MERCED,2410002,CITY OF DOS PALOS,C,C,D2,T3,C1,2522,7452,2017-12-05
199,CA2410006,DISTRICT 11 - MERCED,2410006,DELHI CWD,C,C,D2,TD,DAVCL,2355,7784,2018-11-15
200,CA5500071,DISTRICT 11 - MERCED,5500071,RAWHIDE INVESTMENT COMPANY,C,C,D1,TD,SC,100,269,2017-12-05
201,CA5500096,DISTRICT 11 - MERCED,5500096,SIERRA TWAIN HARTE MHP,C,C,D1,TD,SC,46,129,2019-08-09
202,CA5510004,DISTRICT 11 - MERCED,5510004,PINECREST PERMITTEES ASSN,C,C,D2,T2,SC,390,1253,2018-09-14
203,CA5510009,DISTRICT 11 - MERCED,5510009,GROVELAND COMMUNITY SERV DIST,C,C,D3,T2,DAVCL,3246,3400,2017-11-01
204,CA2000511,LPA50 - MADERA COUNTY,2000511,MD 85 VALETA,C,C,D1,There are no treatment plants,SC,20,45,2019-09-17
205,CA2000849,LPA50 - MADERA COUNTY,2000849,MD 60 DILLON ESTATES,C,C,D1,There are no treatment plants,SC,38,150,2019-09-13
206,CA1010001,DISTRICT 12 - VISALIA,1010001,BAKMAN WATER COMPANY,C,C,D2,T3,DAVCL,2505,16756,2018-12-10
207,CA1010026,DISTRICT 12 - VISALIA,1010026,PINEDALE COUNTY WATER DISTRICT,C,C,D2,TD,C1,2119,16735,2018-11-16
208,CA1500544,DISTRICT 12 - VISALIA,1500544,ENOS LANE PUBLIC UTILITY DISTRICT,C,C,D1,TD,SC,89,365,2018-07-27
209,CA1500553,DISTRICT 12 - VISALIA,1500553,RANCHOS DEL RIO,C,C,D1,There are no treatment plants,SC,24,62,2020-03-25
210,CA1500575,DISTRICT 12 - VISALIA,1500575,SAN JOAQUIN ESTATES MUTUAL WATER COMPANY,C,C,D1,TD,SC,61,165,2019-11-19
211,CA1500599,DISTRICT 12 - VISALIA,1500599,CHOCTAW VALLEY MUTUAL WATER CO.,C,C,D1,T1,SC,18,44,2018-11-28
212,CA1502620,DISTRICT 12 - VISALIA,1502620,POND MUTUAL WATER COMPANY,C,C,D1,T1,DAVCS,18,48,2020-07-29
213,CA1510001,DISTRICT 12 - VISALIA,1510001,ARVIN COMMUNITY SERVICES DIST,C,C,D3,T2,DAVCL,4038,21947,2018-11-28
214,CA1510005,DISTRICT 12 - VISALIA,1510005,"DELANO, CITY OF",C,C,D4,T3,DAVCL,9890,53936,2018-12-13
215,CA1510012,DISTRICT 12 - VISALIA,1510012,LAMONT PUBLIC UTILITY DIST,C,C,D3,T2,DAVCL,3300,19057,2018-10-24
216,CA1510019,DISTRICT 12 - VISALIA,1510019,"SHAFTER, CITY OF",C,C,D3,T2,DAVCL,4777,20500,2019-04-08
217,CA1510022,DISTRICT 12 - VISALIA,1510022,WEST KERN WATER DISTRICT,C,C,D4,T2,C1,7537,22863,2018-12-13
218,CA1510024,DISTRICT 12 - VISALIA,1510024,GREENFIELD COUNTY WD,C,C,D3,T2,DAVCL,3255,10444,2019-11-25
219,CA1510046,DISTRICT 12 - VISALIA,1510046,LOST HILLS UTILITY DISTRICT,C,C,D2,T2,SC,437,2412,2018-12-07
220,CA1610002,DISTRICT 12 - VISALIA,1610002,"AVENAL, CITY OF",C,C,D3,T3,DAVCL,1953,13218,2019-08-06
221,CA1610004,DISTRICT 12 - VISALIA,1610004,"CORCORAN, CITY OF",C,C,D3,T4,C1,3383,21835,2017-10-20
222,CA1610005,DISTRICT 12 - VISALIA,1610005,"LEMOORE, CITY OF",C,C,D3,T3,C1,7028,26093,2019-10-23
223,CA1610006,DISTRICT 12 - VISALIA,1610006,STRATFORD PUD,C,C,D2,TD,DAVCS,364,1301,2018-11-13
224,CA5400665,DISTRICT 12 - VISALIA,5400665,DEL ORO RIVER ISLAND SERV TERR #1,C,C,D1,There are no treatment plants,SC,390,1287,2018-12-05
225,CA1400007,DISTRICT 13 - SAN BERNARDINO,1400007,SIERRA HIGHLAND CSD,C,C,D1,There are no treatment plants,SC,215,600,2017-05-31
226,CA3600222,DISTRICT 13 - SAN BERNARDINO,3600222,JUNIPER RIVIERA CWD,C,C,D1,TD,SC,250,441,2013-12-03
227,CA3610008,DISTRICT 13 - SAN BERNARDINO,3610008,BIG BEAR CITY CSD,C,C,D3,T3,DAVCL,6149,12543,2018-10-24
228,CA3610015,DISTRICT 13 - SAN BERNARDINO,3610015,CRESTLINE VILLAGE CWD - DIVISION 10,C,C,D3,T1,DAVCL,4950,8360,2014-06-18
229,CA3610022,DISTRICT 13 - SAN BERNARDINO,3610022,DWP - FAWNSKIN,C,C,D1,T2,DAVCS,717,469,2017-12-14
230,CA3610023,DISTRICT 13 - SAN BERNARDINO,3610023,GREEN VALLEY MWC,C,C,D1,TD,C1,1169,350,2017-05-02
231,CA3610025,DISTRICT 13 - SAN BERNARDINO,3610025,JOSHUA BASIN WATER DISTRICT,C,C,D3,TD,DAVCL,4806,9665,2014-10-15
232,CA3610030,DISTRICT 13 - SAN BERNARDINO,3610030,MARIANA RANCHOS CWD,C,C,D2,There are no treatment plants,SC,420,1386,2018-03-01
233,CA3610031,DISTRICT 13 - SAN BERNARDINO,3610031,MUSCOY MWC NO. 1,C,C,D2,TD,DAVCL,1402,7500,2013-04-11
234,CA3610045,DISTRICT 13 - SAN BERNARDINO,3610045,LACSD - RIMFOREST,C,C,D1,There are no treatment plants,SC,296,820,2014-10-07
235,CA3610046,DISTRICT 13 - SAN BERNARDINO,3610046,VALLEY VIEW PARK MWC,C,C,D1,TD,SC,218,499,2017-07-11
236,CA3610049,DISTRICT 13 - SAN BERNARDINO,3610049,TWENTYNINE PALMS WATER DISTRICT,C,C,D4,T2,DAVCL,7049,18795,2019-11-19
237,CA3610062,DISTRICT 13 - SAN BERNARDINO,3610062,RUNNING SPRINGS WATER DISTRICT,C,C,D2,T2,C1,2999,4862,2012-09-19
238,CA3610082,DISTRICT 13 - SAN BERNARDINO,3610082,SAN ANTONIO CANYON MSC,C,C,D1,TD,SC,64,125,2014-11-06
239,CA3610085,DISTRICT 13 - SAN BERNARDINO,3610085,SAN ANTONIO WATER COMPANY,C,C,D3,TD,C1,1210,3371,2019-08-06
240,CA3610114,DISTRICT 13 - SAN BERNARDINO,3610114,CLAWA,C,C,D3,T3,C1,1223,2320,2018-09-25
241,CA3610120,DISTRICT 13 - SAN BERNARDINO,3610120,PHELAN PINON HILLS CSD,C,C,D4,TD,C1,6898,22763,2016-11-14
242,CA3610121,DISTRICT 13 - SAN BERNARDINO,3610121,SBDNO COUNTY SERVICE AREA 64,C,C,D3,TD,C1,3922,14375,2020-03-26
243,CA3610125,DISTRICT 13 - SAN BERNARDINO,3610125,SBNDO COUNTY SERVICE AREA 70J,C,C,D4,TD,C1,3300,11944,2016-06-03
244,CA1400004,LPA44 - INYO COUNTY,1400004,CHARLES BROWN WATER COMPANY,C,C,D1,T1,SC,40,242,2019-09-24
245,CA1400034,LPA44 - INYO COUNTY,1400034,KEOUGH'S HOT SPRINGS,C,C,D1,There are no treatment plants,SC,21,75,2017-06-21
246,CA1400072,LPA44 - INYO COUNTY,1400072,NORTH LONE PINE MUTUAL WATER COMPANY,C,C,D1,There are no treatment plants,SC,33,70,2012-04-26
247,CA2600621,LPA56 - MONO COUNTY,2600621,WHITE MOUNTAIN MUTUAL WATER COMPANY,C,C,D1,There are no treatment plants,SC,43,142,2019-05-29
248,CA3600200,LPA66 - SAN BERNARDINO COUNTY,3600200,RANCHERITOS MWC,C,C,D1,There are no treatment plants,SC,131,655,2018-08-07
249,CA3600297,LPA66 - SAN BERNARDINO COUNTY,3600297,GORDON ACRES WATER CO,C,C,D1,There are no treatment plants,SC,66,200,2019-12-10
250,CA1310002,DISTRICT 14 - SAN DIEGO,1310002,"CALEXICO, CITY OF",C,C,D4,T4,C1,8431,40357,2019-09-27
251,CA1310006,DISTRICT 14 - SAN DIEGO,1310006,"IMPERIAL, CITY OF",C,C,D3,T3,C1,5793,19372,2018-09-07
252,CA1310007,DISTRICT 14 - SAN DIEGO,1310007,HEBER PUBLIC UTILITY DISTRICT,C,C,D2,T3,DAVCL,1627,6979,2020-02-05
253,CA1310013,DISTRICT 14 - SAN DIEGO,1310013,SEELEY CWD,C,C,D2,T3,DAVCS,449,2124,2018-10-05
254,CA3700905,DISTRICT 14 - SAN DIEGO,3700905,PINE HILLS MUTUAL WATER COMPANY,C,C,D1,T2,SC,236,760,2018-07-17
255,CA3700919,DISTRICT 14 - SAN DIEGO,3700919,LAKE WOHLFORD RESORT,C,C,D1,T2,SC,137,250,2018-06-06
256,CA3710008,DISTRICT 14 - SAN DIEGO,3710008,FALLBROOK PUD,C,C,D4,T3,C1,9107,34894,2015-12-16
257,CA3710013,DISTRICT 14 - SAN DIEGO,3710013,LAKESIDE WD,C,C,D4,T2,C1,6986,35500,2016-12-15
258,CA3710016,DISTRICT 14 - SAN DIEGO,3710016,RAINBOW MUNICIPAL WD,C,C,D4,There are no treatment plants,C1,8254,44726,2017-01-17
259,CA3710019,DISTRICT 14 - SAN DIEGO,3710019,RAMONA MUNICIPAL WD,C,C,D4,There are no treatment plants,C1,9507,33865,2019-06-10
260,CA3710023,DISTRICT 14 - SAN DIEGO,3710023,SANTA FE I.D.,C,C,D4,T5,C1,6461,24509,2018-11-15
261,CA3710026,DISTRICT 14 - SAN DIEGO,3710026,VALLEY CENTER MWD,C,C,D4,There are no treatment plants,C1,8990,25766,2017-10-19
262,CA1300555,LPA43 - IMPERIAL COUNTY,1300555,MITCHELLS CAMP FAMILY ASSOC.,C,C,D1,There are no treatment plants,SC,70,175,2019-05-06
263,CA1300591,LPA43 - IMPERIAL COUNTY,1300591,IID DROP FOUR,C,C,D1,T1,SC,8,28,2019-05-09
264,CA1910028,DISTRICT 15 - METROPOLITAN,1910028,CRESCENTA VALLEY CWD,C,C,D4,T3,C1,8004,33203,2017-09-26
265,CA1910040,DISTRICT 15 - METROPOLITAN,1910040,"EL SEGUNDO-CITY, WATER DEPT.",C,C,D3,There are no treatment plants,C1,4640,16719,2018-07-03
266,CA1910062,DISTRICT 15 - METROPOLITAN,1910062,"LA VERNE, CITY WD",C,C,D4,T3,C1,8794,32206,2018-01-22
267,CA1910108,DISTRICT 15 - METROPOLITAN,1910108,CITY OF BELL GARDENS,C,C,D2,T2,DAVCL,1658,4074,2018-07-17
268,CA1910157,DISTRICT 15 - METROPOLITAN,1910157,SUNNY SLOPE WATER CO.,C,C,D3,T3,C1,6262,30700,2019-01-22
269,CA1910167,DISTRICT 15 - METROPOLITAN,1910167,"VERNON-CITY, WATER DEPT.",C,C,D4,T1,C1,1104,30000,2020-03-04
270,CA1910191,DISTRICT 15 - METROPOLITAN,1910191,"NORWALK - CITY, WATER DEPT.",C,C,D4,T1,C1,5322,12794,2017-02-22
271,CA1910012,DISTRICT 16 - CENTRAL,1910012,BELLFLOWER HOME GARDEN WATER COMPANY,C,C,D1,There are no treatment plants,SC,342,1129,2018-09-27
272,CA1910038,DISTRICT 16 - CENTRAL,1910038,"EL MONTE-CITY, WATER DEPT.",C,C,D3,Missing treatment classification in SDWIS,DAVCL,3877,22968,2019-12-16
273,CA1910054,DISTRICT 16 - CENTRAL,1910054,LA CANADA IRRIGATION DIST.,C,C,D3,TD,C1,2939,9300,2018-11-07
274,CA1910060,DISTRICT 16 - CENTRAL,1910060,LA PUENTE VALLEY CWD,C,C,D3,T3,C1,2449,9842,2018-10-29
275,CA1910063,DISTRICT 16 - CENTRAL,1910063,LINCOLN AVENUE WATER CO.,C,C,D4,T2,C1,4474,16126,2018-10-30
276,CA1910081,DISTRICT 16 - CENTRAL,1910081,LYNWOOD PARK MUTUAL WATER CO.,C,C,D1,T1,SC,470,2300,2018-06-27
277,CA1910084,DISTRICT 16 - CENTRAL,1910084,MAYWOOD MUTUAL WATER CO. #1,C,C,D2,T1,DAVCL,1163,5500,2018-08-30
278,CA1910085,DISTRICT 16 - CENTRAL,1910085,MAYWOOD MUTUAL WATER CO. #2,C,C,D2,T2,C1,1924,7118,2018-08-14
279,CA1910086,DISTRICT 16 - CENTRAL,1910086,MAYWOOD MUTUAL WATER CO. #3,C,C,D2,TD,C1,2014,9500,2018-09-11
280,CA1910091,DISTRICT 16 - CENTRAL,1910091,MONTEBELLO LAND & WATER CO.,C,C,D2,T2,C1,4048,26554,2018-11-27
281,CA1910103,DISTRICT 16 - CENTRAL,1910103,PALM RANCH IRRIGATION DIST.,C,C,D2,T2,C1,1686,5570,2019-04-19
282,CA1910130,DISTRICT 16 - CENTRAL,1910130,QUARTZ HILL WATER DIST.,C,C,D4,T2,C1,5760,20352,2014-03-13
283,CA1910140,DISTRICT 16 - CENTRAL,1910140,RUBIO CANON LAND & WATER ASSOCIATION,C,C,D3,T3,C1,3128,9600,2019-11-20
284,CA1910143,DISTRICT 16 - CENTRAL,1910143,"SAN FERNANDO-CITY, WATER DEPT.",C,C,D3,T2,C1,5158,24714,2018-09-20
285,CA1910163,DISTRICT 16 - CENTRAL,1910163,VALENCIA HEIGHTS WATER CO.,C,C,D3,T2,C1,1677,7775,2018-10-18
286,CA1910185,DISTRICT 16 - CENTRAL,1910185,LOS ANGELES CWWD 36-VAL VERDE,C,C,D3,There are no treatment plants,C1,1349,5173,2018-10-01
287,CA1910204,DISTRICT 16 - CENTRAL,1910204,LOS ANGELES CWWD 29 & 80-MALIBU,C,C,D4,T1,C1,7498,31204,2015-06-24
288,CA1910204,DISTRICT 16 - CENTRAL,1910204,LOS ANGELES CWWD 29 & 80-MALIBU,C,C,D4,T1,C1,7498,31204,2015-06-24
289,CA4100510,DISTRICT 17 - SANTA CLARA,4100510,REDWOOD TERRACE MUTUAL,C,C,D1,T1,SC,16,43,2018-06-28
290,CA4110001,DISTRICT 17 - SANTA CLARA,4110001,MID-PENINSULA WATER DISTRICT,C,C,D3,There are no treatment plants,C1,8728,28050,2018-02-01
291,CA4110003,DISTRICT 17 - SANTA CLARA,4110003,CITY OF BURLINGAME,C,C,D3,There are no treatment plants,C1,8728,31056,2018-03-19
292,CA4110010,DISTRICT 17 - SANTA CLARA,4110010,MONTARA WATER AND SANITARY DISTRICT,C,C,D2,T3,C1,1664,5289,2018-06-14
293,CA4110011,DISTRICT 17 - SANTA CLARA,4110011,COASTSIDE COUNTY WATER DISTRICT,C,C,D3,T3,C1,6530,16811,2019-08-21
294,CA4110016,DISTRICT 17 - SANTA CLARA,4110016,TOWN OF HILLSBOROUGH,C,C,D3,There are no treatment plants,C1,4293,10910,2017-08-15
295,CA4110017,DISTRICT 17 - SANTA CLARA,4110017,MENLO PARK MUNICIPAL WATER,C,C,D3,There are no treatment plants,C1,4181,14348,2018-11-28
296,CA4110018,DISTRICT 17 - SANTA CLARA,4110018,CITY OF MILLBRAE,C,C,D3,There are no treatment plants,C1,6458,22795,2019-04-03
297,CA4110021,DISTRICT 17 - SANTA CLARA,4110021,ESTERO MUNICIPAL IMPROVEMENT DISTRICT,C,C,D3,There are no treatment plants,C1,8160,37687,2018-02-28
298,CA4110024,DISTRICT 17 - SANTA CLARA,4110024,CITY OF EAST PALO ALTO,C,C,D3,T2,C1,3752,28000,2017-09-28
299,CA4110027,DISTRICT 17 - SANTA CLARA,4110027,WESTBOROUGH COUNTY WATER DIST,C,C,D3,There are no treatment plants,C1,3885,14050,2019-11-19
300,CA4300525,DISTRICT 17 - SANTA CLARA,4300525,MELODY WOODS WATER COMPANY,C,C,D1,T1,SC,51,168,2019-01-31
301,CA4300543,DISTRICT 17 - SANTA CLARA,4300543,WEST SAN MARTIN WATER WORKS INC,C,C,D1,TD,SC,309,1406,2019-10-22
302,CA4300550,DISTRICT 17 - SANTA CLARA,4300550,VISTA GRANDE WATER USERS ASSOCIATION,C,C,D1,There are no treatment plants,SC,24,60,2019-11-04
303,CA4300578,DISTRICT 17 - SANTA CLARA,4300578,ANGELO LANE WATER COMPANY,C,C,D1,There are no treatment plants,SC,15,52,2018-11-06
304,CA4300740,DISTRICT 17 - SANTA CLARA,4300740,MOUNTAIN SPRINGS MUTUAL WATER COMPANY,C,C,D1,T1,SC,18,37,2018-10-12
305,CA4300770,DISTRICT 17 - SANTA CLARA,4300770,THREE SPRINGS RANCH MUTUAL WATER COMPANY,C,C,D1,TD,SC,33,110,2018-05-17
306,CA4300771,DISTRICT 17 - SANTA CLARA,4300771,NEW AVENUE MUTUAL WATER COMPANY,C,C,D1,T1,SC,108,269,2019-05-08
307,CA4310018,DISTRICT 17 - SANTA CLARA,4310018,CITY OF CUPERTINO,C,C,D5,TD,C1,4486,16530,2017-12-12
308,CA4310021,DISTRICT 17 - SANTA CLARA,4310021,PURISSIMA HILLS WATER DISTRICT,C,C,D2,There are no treatment plants,C1,2132,6190,2018-05-24
309,CA4900536,DISTRICT 18 - SONOMA,4900536,OCCIDENTAL COMMUNITY SERVICES DISTRICT,C,C,D1,T1,SC,108,383,2019-05-22
310,CA4900552,DISTRICT 18 - SONOMA,4900552,MICHELE MUTUAL WATER COMPANY,C,C,D1,TD,SC,62,170,2019-10-22
311,CA4900570,DISTRICT 18 - SONOMA,4900570,PALOMINO LAKES MUTUAL WATER CO.,C,C,D1,T1,SC,113,250,2018-06-21
312,CA4900575,DISTRICT 18 - SONOMA,4900575,LOCH HAVEN MUTUAL WATER COMPANY,C,C,D1,T1,SC,12,26,2017-06-13
313,CA4900639,DISTRICT 18 - SONOMA,4900639,REDWOOD HEIGHTS MUTUAL WATER COMPANY,C,C,D1,TD,SC,18,30,2020-06-15
314,CA4900644,DISTRICT 18 - SONOMA,4900644,BRIDGEHAVEN PARK,C,C,D1,T2,SC,31,70,2019-03-21
315,CA4900653,DISTRICT 18 - SONOMA,4900653,LONE PINE MUTUAL WATER COMPANY,C,C,D1,TD,SC,28,65,2017-10-27
316,CA4900793,DISTRICT 18 - SONOMA,4900793,VINEHILL VISTAS MUTUAL WATER COMPANY,C,C,D1,TD,SC,29,60,2013-02-07
317,CA4900794,DISTRICT 18 - SONOMA,4900794,SUNSET PARK COMMUNITY,C,C,D1,TD,SC,42,141,2017-08-28
318,CA4900850,DISTRICT 18 - SONOMA,4900850,BODEGA WATER COMPANY,C,C,D1,T2,SC,38,77,2013-08-20
319,CA4900871,DISTRICT 18 - SONOMA,4900871,DE ANZA MOON VALLEY WATER COMPANY,C,C,D1,TD,SC,247,691,2016-06-30
320,CA4900892,DISTRICT 18 - SONOMA,4900892,SUMMIT VIEW RANCH MUTUAL WATER CO.,C,C,D1,T1,SC,24,45,2012-10-10
321,CA4901246,DISTRICT 18 - SONOMA,4901246,DOWNTOWN GRATON MUTUAL WATER SYSTEM,C,C,D1,T1,SC,25,118,2020-05-14
322,CA4901309,DISTRICT 18 - SONOMA,4901309,HILTON MUTUAL WATER COMPANY,C,C,D1,TD,SC,16,98,2015-02-25
323,CA4910003,DISTRICT 18 - SONOMA,4910003,PENNGROVE WATER COMPANY (PUC),C,C,D2,There are no treatment plants,SC,517,1706,2017-01-03
324,CA4910004,DISTRICT 18 - SONOMA,4910004,SWEETWATER SPRINGS CWD - GUERNEVILLE,C,C,D2,T2,DAVCL,2676,6000,2017-04-26
325,CA4910005,DISTRICT 18 - SONOMA,4910005,"HEALDSBURG, CITY OF",C,C,D3,T3,C1,4900,12104,2018-06-27
326,CA4910008,DISTRICT 18 - SONOMA,4910008,RUSSIAN RIVER COUNTY WATER DISTRICT,C,C,D2,T1,C1,1253,4150,2014-05-21
327,CA4910011,DISTRICT 18 - SONOMA,4910011,"SEBASTOPOL, CITY OF",C,C,D2,T2,C1,2936,7786,2017-05-24
328,CA4910012,DISTRICT 18 - SONOMA,4910012,"SONOMA, CITY OF",C,C,D3,T1,C1,4189,11654,2014-05-27
329,CA4910013,DISTRICT 18 - SONOMA,4910013,VALLEY OF THE MOON WATER DISTRICT,C,C,D4,T2,C1,6981,27000,2018-08-30
330,CA4910014,DISTRICT 18 - SONOMA,4910014,"ROHNERT PARK, CITY OF",C,C,D4,T2,C1,9505,42067,2019-09-25
331,CA4910023,DISTRICT 18 - SONOMA,4910023,CALIFORNIA-AMERICAN LARKFIELD (PUC),C,C,D3,T2,C1,2203,7270,2017-03-28
332,CA1500393,DISTRICT 19 - TEHACHAPI,1500393,RAINBIRD VALLEY MUTUAL WATER COMPANY,C,C,D1,TD,SC,85,238,2018-06-20
333,CA1500398,DISTRICT 19 - TEHACHAPI,1500398,FRONTIER TRAILS HOMEOWNERS ASSOC INC.,C,C,D1,TD,SC,32,32,2020-02-21
334,CA1500404,DISTRICT 19 - TEHACHAPI,1500404,PINEBROOK COMMUNITY WATER WELL,C,C,D1,There are no treatment plants,SC,42,68,2018-04-12
335,CA1500406,DISTRICT 19 - TEHACHAPI,1500406,TRADEWIND WATER ASSOC.,C,C,D1,TD,SC,234,632,2018-06-20
336,CA1500442,DISTRICT 19 - TEHACHAPI,1500442,SUNSET APARTMENTS WS,C,C,D1,There are no treatment plants,SC,20,37,2019-11-21
337,CA1500447,DISTRICT 19 - TEHACHAPI,1500447,SIERRA BREEZE MUTUAL WATER COMPANY,C,C,D1,There are no treatment plants,SC,60,150,2018-12-20
338,CA1500458,DISTRICT 19 - TEHACHAPI,1500458,R.S. MUTUAL WATER COMPANY,C,C,D1,TD,SC,24,67,2018-04-19
339,CA1500525,DISTRICT 19 - TEHACHAPI,1500525,LAKEVIEW RANCHOS MUTUAL WATER COMPANY,C,C,D1,There are no treatment plants,SC,71,120,2018-02-02
340,CA1500540,DISTRICT 19 - TEHACHAPI,1500540,PINON VALLEY WATER COMPANY,C,C,D1,T1,DAVCS,38,109,2017-08-23
341,CA1500579,DISTRICT 19 - TEHACHAPI,1500579,LIFE WATER CO-OP,C,C,D1,TD,SC,18,27,2017-12-06
342,CA1500591,DISTRICT 19 - TEHACHAPI,1500591,SWEET WATER CO-OP,C,C,D1,There are no treatment plants,SC,15,47,2018-10-31
343,CA1502670,DISTRICT 19 - TEHACHAPI,1502670,"FAIRVIEW WATER COMPANY, LLC",C,C,D1,There are no treatment plants,SC,72,240,2018-11-15
344,CA1503226,DISTRICT 19 - TEHACHAPI,1503226,QVWD-WEST & EAST COMBINED WATER SYSTEM,C,C,D1,TD,SC,68,205,2018-12-19
345,CA1510009,DISTRICT 19 - TEHACHAPI,1510009,ERSKINE CREEK WC,C,C,D2,TD,C1,1136,2500,2019-12-06
346,CA1510016,DISTRICT 19 - TEHACHAPI,1510016,RAND COMMUNITIES WATER DISTRICT,C,C,D1,TD,DAVCS,285,372,2018-11-28
347,CA1510018,DISTRICT 19 - TEHACHAPI,1510018,ROSAMOND CSD,C,C,D3,T1,C1,5088,16886,2019-06-12
348,CA1510020,DISTRICT 19 - TEHACHAPI,1510020,"TEHACHAPI, CITY OF",C,C,D2,T2,DAVCL,3569,8839,2017-04-04
349,CA1510032,DISTRICT 19 - TEHACHAPI,1510032,"CALIFORNIA CITY, CITY OF",C,C,D3,TD,C1,4437,14120,2019-05-22
350,CA1310011,DISTRICT 20 - RIVERSIDE,1310011,COACHELLA VWD: I.D. NO. 11,C,C,D2,Operator is not required,DAVCL,2776,7500,2017-03-20
351,CA3301879,DISTRICT 20 - RIVERSIDE,3301879,SHARONDALE MESA HOA,C,C,D1,TD,SC,243,330,2017-09-25
352,CA3310007,DISTRICT 20 - RIVERSIDE,3310007,COACHELLA WATER AUTHORITY,C,C,D4,Operator is not required,C1,8396,45407,2017-12-20
353,CA3310016,DISTRICT 20 - RIVERSIDE,3310016,"HEMET, CITY OF",C,C,D3,T2,DAVCL,9325,29982,2018-05-17
354,CA3310017,DISTRICT 20 - RIVERSIDE,3310017,SOUTH MESA WC,C,C,D2,Operator is not required,C1,2974,9936,2017-05-15
355,CA3310019,DISTRICT 20 - RIVERSIDE,3310019,IDYLLWILD WATER DISTRICT,C,C,D2,T2,C1,1649,2500,2018-12-10
356,CA3310025,DISTRICT 20 - RIVERSIDE,3310025,"NORCO, CITY OF",C,C,D4,T2,C1,7422,27564,2018-02-15
357,CA3310026,DISTRICT 20 - RIVERSIDE,3310026,NUEVO WATER COMPANY,C,C,D3,T2,C1,1895,6447,2018-03-20
358,CA3310033,DISTRICT 20 - RIVERSIDE,3310033,SANTA ANA RIVER WATER COMPANY,C,C,D2,Operator is not required,C1,2031,6613,2020-08-17
359,CA3310040,DISTRICT 20 - RIVERSIDE,3310040,FERN VALLEY WD,C,C,D2,T2,C1,1175,900,2018-12-11
360,CA3310044,DISTRICT 20 - RIVERSIDE,3310044,RUBIDOUX COMMUNITY SD,C,C,D3,T3,C1,6675,32400,2020-06-22
361,CA3310047,DISTRICT 20 - RIVERSIDE,3310047,CABAZON WATER DISTRICT,C,C,D2,Operator is not required,DAVCS,933,2535,2017-10-11
362,CA3310048,DISTRICT 20 - RIVERSIDE,3310048,COACHELLA VWD: I.D. NO. 8,C,C,D3,Operator is not required,DAVCL,1586,4300,2018-06-04
363,CA3310074,DISTRICT 20 - RIVERSIDE,3310074,TEMESCAL VALLEY WATER DISTRICT,C,C,D3,There are no treatment plants,C1,5662,18146,2017-11-15
364,CA3310082,DISTRICT 20 - RIVERSIDE,3310082,NORTH PERRIS WATER SYSTEM,C,C,D2,Operator is not required,C1,1389,4500,2017-09-12
365,CA3301267,LPA63 - RIVERSIDE COUNTY,3301267,FISHERMAN'S RETREAT,C,C,D1,There are no treatment plants,SC,180,52,2018-12-21
366,CA3301381,LPA63 - RIVERSIDE COUNTY,3301381,CSA 51,C,C,D1,T1,SC,77,350,2020-06-10
367,CA3301529,LPA63 - RIVERSIDE COUNTY,3301529,RAMONA WATER COMPANY,C,C,D1,There are no treatment plants,SC,83,250,2019-03-27
368,CA3301682,LPA63 - RIVERSIDE COUNTY,3301682,TRAILS END MUTUAL WATER COMPANY,C,C,D1,There are no treatment plants,SC,34,52,2017-12-12
369,CA3301990,LPA63 - RIVERSIDE COUNTY,3301990,AMEZCUA - GARCIA WATER,C,C,D1,There are no treatment plants,SC,113,316,2019-01-16
370,CA0405001,DISTRICT 21 - VALLEY,405001,DEL ORO WATER CO.-LIME SADDLE MARINA,C,C,D2,T2,SC,237,749,2019-12-11
371,CA0410006,DISTRICT 21 - VALLEY,410006,SFWP-MINERS RANCH,C,C,D3,T4,DAVCL,6790,22407,2020-07-29
372,CA0410008,DISTRICT 21 - VALLEY,410008,THERMALITO WATER & SEWER DIST,C,C,D2,T3,DAVCL,3059,10095,2020-04-17
373,CA0610001,DISTRICT 21 - VALLEY,610001,ARBUCKLE PUBLIC UTILITY DISTRICT,C,C,D2,TD,DAVCS,1002,2778,2020-06-17
374,CA0610004,DISTRICT 21 - VALLEY,610004,CITY OF WILLIAMS,C,C,D2,T1,DAVCL,1448,5255,2019-05-10
375,CA1100711,DISTRICT 21 - VALLEY,1100711,BUTTE CITY COMMUNITY S.D.,C,C,D1,TD,SC,48,75,2019-09-24
376,CA1110001,DISTRICT 21 - VALLEY,1110001,CITY OF ORLAND,C,C,D2,TD,DAVCL,2559,7932,2018-05-18
377,CA5200574,DISTRICT 21 - VALLEY,5200574,DEL ORO WC - LARKSPUR MEADOWS,C,C,D1,There are no treatment plants,SC,35,122,2020-05-06
378,CA5210004,DISTRICT 21 - VALLEY,5210004,CITY OF RED BLUFF,C,C,D3,There are no treatment plants,DAVCL,4870,14076,2018-04-17
379,CA0400149,LPA34 - BUTTE COUNTY,400149,HUMBOLDT WOODLANDS MUTUAL,C,C,D1,There are no treatment plants,SC,32,75,2018-10-03
380,CA5200555,LPA82 - TEHAMA COUNTY,5200555,RIO RANCH COMMUNITY SVCS DIST,C,C,D1,There are no treatment plants,SC,17,44,2015-02-13
381,CA5200562,LPA82 - TEHAMA COUNTY,5200562,SKY VIEW COUNTY WATER,C,C,D1,TD,SC,85,412,2019-06-13
382,CA5200575,LPA82 - TEHAMA COUNTY,5200575,RANCHO COLORADO WS,C,C,D1,There are no treatment plants,SC,12,36,2018-02-27
383,CA1910021,DISTRICT 22 - ANGELES,1910021,LIBERTY UTILITIES - COMPTON,C,C,D3,T1,C1,6978,23802,2017-12-12
384,CA1910049,DISTRICT 22 - ANGELES,1910049,"HUNTINGTON PARK-CITY, WATER DEPT.",C,C,D4,T1,DAVCL,5572,15414,2019-12-19
385,CA1910117,DISTRICT 22 - ANGELES,1910117,"MONTEBELLO-CITY, WATER DEPT.",C,C,D2,TD,C1,1493,8195,2019-08-06
386,CA1910161,DISTRICT 22 - ANGELES,1910161,LIBERTY UTILITIES - LYNWOOD,C,C,D3,T2,C1,4480,34171,2020-06-25
387,CA1910245,DISTRICT 22 - ANGELES,1910245,"SANTA FE SPRINGS - CITY, WATER DEPT.",C,C,D4,There are no treatment plants,C1,6788,18533,2019-08-01
388,CA1910249,DISTRICT 22 - ANGELES,1910249,WHITE FENCE FARMS MWC NO. 1,C,C,D2,T2,SC,454,1145,2019-07-26
389,CA1000005,DISTRICT 23 - FRESNO,1000005,BIG CREEK COMMUNITY SERV DIST,C,C,D1,TD,SC,67,124,2018-07-19
390,CA1000023,DISTRICT 23 - FRESNO,1000023,FCSA #14/BELMONT MANOR,C,C,D1,There are no treatment plants,SC,41,115,2017-08-08
391,CA1000277,DISTRICT 23 - FRESNO,1000277,ELM COURT,C,C,D1,TD,SC,12,64,2019-11-22
392,CA1000378,DISTRICT 23 - FRESNO,1000378,SUNSET WEST COMMUNITY LLC,C,C,D1,There are no treatment plants,SC,159,350,2019-06-12
393,CA1000405,DISTRICT 23 - FRESNO,1000405,PIEDRA PARK ASSOCIATION,C,C,D1,T1,SC,15,25,2018-07-10
394,CA1000484,DISTRICT 23 - FRESNO,1000484,FCSA #34/ MILLERTON NEW TOWN,C,C,D1,T2,SC,315,868,2019-10-03
395,CA1000551,DISTRICT 23 - FRESNO,1000551,FCSA #43/RAISIN CITY,C,C,D1,There are no treatment plants,DAVCS,68,190,2018-09-17
396,CA1010004,DISTRICT 23 - FRESNO,1010004,COALINGA-CITY,C,C,D3,T4,C1,3561,16791,2018-04-27
397,CA1010018,DISTRICT 23 - FRESNO,1010018,"KERMAN, CITY OF",C,C,D3,TD,DAVCL,3478,14349,2016-12-02
398,CA1010019,DISTRICT 23 - FRESNO,1010019,"KINGSBURG, CITY OF",C,C,D3,There are no treatment plants,C1,3704,11504,2018-01-10
399,CA1010021,DISTRICT 23 - FRESNO,1010021,"MENDOTA, CITY OF",C,C,D3,T2,C1,1911,11104,2017-06-29
400,CA1010027,DISTRICT 23 - FRESNO,1010027,"REEDLEY, CITY OF",C,C,D3,T2,C1,6342,24194,2017-01-25
401,CA1010029,DISTRICT 23 - FRESNO,1010029,CITY OF SANGER,C,C,D3,T3,C1,6210,25664,2020-08-13
402,CA5403113,DISTRICT 24 - TULARE,5403113,SOUTH FORK ESTATES MUTUAL WATER CO,C,C,D1,There are no treatment plants,SC,33,92,2018-09-20
403,CA5400604,DISTRICT 24 - TULARE,5400604,MOUNTAIN VIEW DUPLEXES,C,C,D1,There are no treatment plants,SC,14,103,2018-06-28
404,CA5400647,DISTRICT 24 - TULARE,5400647,YOKOHL MUTUAL WATER CO,C,C,D1,There are no treatment plants,SC,32,95,2020-01-24
405,CA5403212,DISTRICT 24 - TULARE,5403212,MONSON WATER SYSTEM,C,C,D1,TD,DAVCS,32,140,2019-01-17
406,CA5410001,DISTRICT 24 - TULARE,5410001,CUTLER PUD,C,C,D2,TD,DAVCL,1218,6200,2019-08-01
407,CA5410002,DISTRICT 24 - TULARE,5410002,"DINUBA, CITY OF",C,C,D3,T2,DAVCL,6036,26305,2017-12-29
408,CA5410006,DISTRICT 24 - TULARE,5410006,"LINDSAY, CITY OF",C,C,D3,T3,DAVCL,3040,14415,2019-12-20
409,CA5410008,DISTRICT 24 - TULARE,5410008,OROSI PUBLIC UTILITY DISTRICT,C,C,D2,TD,DAVCL,1578,8770,2018-11-15
410,CA5410021,DISTRICT 24 - TULARE,5410021,EARLIMART PUD,C,C,D2,TD,DAVCL,1545,8800,2020-08-03
411,CA4410014,DISTRICT 05 - MONTEREY,4410014,SAN LORENZO VALLEY WATER DIST,C,C,D4,T3,C1,5868,21145,2018-07-11
412,CA4410002,DISTRICT 05 - MONTEREY,4410002,SLVWD - FELTON WATER SYSTEM,C,C,D3,T3,C1,1355,4340,2020-07-08
413,CA5010006,DISTRICT 10 - STOCKTON,5010006,CITY OF WATERFORD,C,C,D2,T2,C1,2112,8788,2019-03-05
414,CA5010026,DISTRICT 10 - STOCKTON,5010026,WATERFORD - HICKMAN,C,C,D1,T2,SC,181,597,2019-03-05
415,CA5010042,DISTRICT 10 - STOCKTON,5010042,WATERFORD-RIVER POINTE,C,C,D1,T1,SC,317,1046,2019-03-05
416,CA0510016,DISTRICT 10 - STOCKTON,510016,CCWD - EBBETTS PASS,C,C,D4,T3,C1,6013,12484,2018-10-24
417,CA0510005,DISTRICT 10 - STOCKTON,510005,CCWD - WEST POINT,C,C,D2,T3,SC,574,988,2019-04-11
418,CA0510019,DISTRICT 10 - STOCKTON,510019,CCWD - WALLACE,C,C,D1,T2,SC,106,340,2018-04-24
419,CA3610009,DISTRICT 13 - SAN BERNARDINO,3610009,BIGHORN - DESERT VIEW WATER AGENCY,C,C,D2,TD,DAVCL,1631,3086,2020-01-16
420,CA3610060,DISTRICT 13 - SAN BERNARDINO,3610060,BDVWA - GOAT MOUNTAIN ID,C,C,D2,TD,DAVCS,512,923,2020-01-14
421,CA3710018,DISTRICT 14 - SAN DIEGO,3710018,RINCON DEL DIABLO MWD (ID-1),C,C,D4,There are no treatment plants,C1,6971,27255,2017-04-04
422,CA3710044,DISTRICT 14 - SAN DIEGO,3710044,RINCON DEL DIABLO MWD (ID-A),C,C,D4,There are no treatment plants,C1,1059,2700,2017-04-04
423,CA1910250,DISTRICT 15 - METROPOLITAN,1910250,SANTA CLARITA VALLEY W.A.-PINETREE DIV.,C,C,D2,TD,C1,2756,9095,2018-12-04
424,CA1910096,DISTRICT 15 - METROPOLITAN,1910096,SANTA CLARITA VALLEY W.A.-NEWHALL DIV.,C,C,D4,T2,C1,3780,12474,2018-12-04
425,CA1910247,DISTRICT 15 - METROPOLITAN,1910247,SANTA CLARITA VALLEY W.A.-CASTAIC DIV.,C,C,D2,T2,C1,1909,6300,2018-12-04
426,CA1910255,DISTRICT 15 - METROPOLITAN,1910255,SANTA CLARITA VALLEY W.A.-TESORO DIV.,C,C,D2,T1,C1,1157,3818,2018-12-04
